datetime,air_temp_f,wind_mph,precip_1h_in,station,precip_24h_in
2026-10-03 01:55:00+00:00,73.4,6.9,,KRIC,
2026-10-03 02:00:00+00:00,73.4,5.7,,KRIC,
2026-10-03 02:05:00+00:00,73.4,5.7,,KRIC,
2026-10-03 02:10:00+00:00,73.4,5.7,,KRIC,
2026-10-03 02:15:00+00:00,73.4,5.7,,KRIC,
2026-10-03 02:20:00+00:00,73.4,5.7,,KRIC,
2026-10-03 02:25:00+00:00,73.4,6.9,,KRIC,
2026-10-03 02:30:00+00:00,75.2,6.9,,KRIC,
2026-10-03 02:35:00+00:00,73.4,6.9,,KRIC,
2026-10-03 02:40:00+00:00,73.4,5.7,,KRIC,
2026-10-03 02:45:00+00:00,75.2,9.2,,KRIC,
2026-10-03 02:50:00+00:00,78.8,6.9,,KRIC,
2026-10-03 02:54:00+00:00,78.1,4.7,,KRIC,
2026-10-03 02:55:00+00:00,78.8,5.7,,KRIC,
2026-10-03 03:00:00+00:00,78.8,9.2,,KRIC,
2026-10-03 03:05:00+00:00,78.8,5.7,,KRIC,
2026-10-03 03:10:00+00:00,78.8,5.7,,KRIC,
2026-10-03 03:15:00+00:00,78.8,4.6,,KRIC,
2026-10-03 03:20:00+00:00,78.8,4.6,,KRIC,
2026-10-03 03:25:00+00:00,78.8,5.7,,KRIC,
2026-10-03 03:30:00+00:00,78.8,5.7,,KRIC,
2026-10-03 03:35:00+00:00,78.8,8.1,,KRIC,
2026-10-03 03:40:00+00:00,78.8,,,KRIC,
2026-10-03 03:45:00+00:00,75.2,,,KRIC,
2026-10-03 03:50:00+00:00,75.2,8.1,,KRIC,
2026-10-03 03:54:00+00:00,75.9,6.9,0.02,KRIC,0.02
2026-10-03 03:55:00+00:00,75.2,6.9,,KRIC,0.02
2026-10-03 04:00:00+00:00,75.2,4.6,,KRIC,0.02
2026-10-03 04:05:00+00:00,75.2,3.4,,KRIC,0.02
2026-10-03 04:10:00+00:00,75.2,4.6,,KRIC,0.02
2026-10-03 04:15:00+00:00,75.2,4.6,,KRIC,0.02
2026-10-03 04:20:00+00:00,73.4,4.6,,KRIC,0.02
2026-10-03 04:25:00+00:00,73.4,3.4,,KRIC,0.02
2026-10-03 04:30:00+00:00,73.4,3.4,,KRIC,0.02
2026-10-03 04:35:00+00:00,73.4,4.6,,KRIC,0.02
2026-10-03 04:40:00+00:00,73.4,5.7,,KRIC,0.02
2026-10-03 04:45:00+00:00,73.4,6.9,,KRIC,0.02
2026-10-03 04:50:00+00:00,73.4,9.2,,KRIC,0.02
2026-10-03 04:54:00+00:00,73.0,8.1,,KRIC,0.02
2026-10-03 04:55:00+00:00,73.4,8.1,,KRIC,0.02
2026-10-03 05:00:00+00:00,73.4,9.2,,KRIC,0.02
2026-10-03 05:05:00+00:00,73.4,6.9,,KRIC,0.02
2026-10-03 05:10:00+00:00,73.4,6.9,,KRIC,0.02
2026-10-03 05:15:00+00:00,73.4,8.1,,KRIC,0.02
2026-10-03 05:20:00+00:00,73.4,6.9,,KRIC,0.02
2026-10-03 05:25:00+00:00,73.4,5.7,,KRIC,0.02
2026-10-03 05:30:00+00:00,73.4,4.6,,KRIC,0.02
2026-10-03 05:35:00+00:00,73.4,5.7,,KRIC,0.02
2026-10-03 05:40:00+00:00,73.4,5.7,,KRIC,0.02
2026-10-03 05:45:00+00:00,73.4,5.7,,KRIC,0.02
2026-10-03 05:50:00+00:00,73.4,5.7,,KRIC,0.02
2026-10-03 05:54:00+00:00,73.0,8.1,0.0,KRIC,0.02
2026-10-03 05:55:00+00:00,73.4,8.1,,KRIC,0.02
2026-10-03 06:00:00+00:00,73.4,6.9,,KRIC,0.02
2026-10-03 06:05:00+00:00,73.4,8.1,,KRIC,0.02
2026-10-03 06:10:00+00:00,73.4,10.4,,KRIC,0.02
2026-10-03 06:15:00+00:00,71.6,11.5,,KRIC,0.02
2026-10-03 06:20:00+00:00,71.6,9.2,,KRIC,0.02
2026-10-03 06:25:00+00:00,71.6,9.2,,KRIC,0.02
2026-10-03 06:30:00+00:00,72.0,8.1,0.0,KRIC,0.02
2026-10-03 06:35:00+00:00,71.6,9.2,,KRIC,0.02
2026-10-03 06:40:00+00:00,71.6,10.4,,KRIC,0.02
2026-10-03 06:45:00+00:00,71.6,8.1,,KRIC,0.02
2026-10-03 06:50:00+00:00,71.6,10.4,,KRIC,0.02
2026-10-03 06:54:00+00:00,72.0,9.2,0.0,KRIC,0.02
2026-10-03 06:55:00+00:00,71.6,11.5,,KRIC,0.02
2026-10-03 07:00:00+00:00,71.6,12.7,,KRIC,0.02
2026-10-03 07:05:00+00:00,71.6,11.5,,KRIC,0.02
2026-10-03 07:10:00+00:00,71.6,,,KRIC,0.02
2026-10-03 07:15:00+00:00,71.6,,,KRIC,0.02
2026-10-03 07:20:00+00:00,71.6,11.5,,KRIC,0.02
2026-10-03 07:25:00+00:00,71.6,13.8,,KRIC,0.02
2026-10-03 07:30:00+00:00,71.6,13.8,,KRIC,0.02
2026-10-03 07:35:00+00:00,71.6,,,KRIC,0.02
2026-10-03 07:40:00+00:00,71.6,11.5,,KRIC,0.02
2026-10-03 07:45:00+00:00,69.8,,,KRIC,0.02
2026-10-03 07:50:00+00:00,69.8,,,KRIC,0.02
2026-10-03 07:54:00+00:00,70.0,,,KRIC,0.02
2026-10-03 07:55:00+00:00,69.8,,,KRIC,0.02
2026-10-03 08:00:00+00:00,69.8,12.7,,KRIC,0.02
2026-10-03 08:05:00+00:00,69.8,,,KRIC,0.02
2026-10-03 08:10:00+00:00,69.8,13.8,,KRIC,0.02
2026-10-03 08:15:00+00:00,69.8,13.8,,KRIC,0.02
2026-10-03 08:20:00+00:00,68.0,11.5,,KRIC,0.02
2026-10-03 08:25:00+00:00,68.0,11.5,,KRIC,0.02
2026-10-03 08:30:00+00:00,68.0,12.7,,KRIC,0.02
2026-10-03 08:35:00+00:00,68.0,12.7,,KRIC,0.02
2026-10-03 08:40:00+00:00,68.0,11.5,,KRIC,0.02
2026-10-03 08:45:00+00:00,68.0,11.5,,KRIC,0.02
2026-10-03 08:50:00+00:00,68.0,11.5,,KRIC,0.02
2026-10-03 08:54:00+00:00,68.0,,,KRIC,0.02
2026-10-03 08:55:00+00:00,68.0,,,KRIC,0.02
2026-10-03 09:00:00+00:00,68.0,,,KRIC,0.02
2026-10-03 09:05:00+00:00,68.0,11.5,,KRIC,0.02
2026-10-03 09:10:00+00:00,68.0,11.5,,KRIC,0.02
2026-10-03 09:15:00+00:00,68.0,11.5,,KRIC,0.02
2026-10-03 09:20:00+00:00,66.2,,,KRIC,0.02
2026-10-03 09:24:00+00:00,66.9,,,KRIC,0.02
2026-10-03 09:25:00+00:00,66.2,13.8,,KRIC,0.02
2026-10-03 09:30:00+00:00,66.2,11.5,,KRIC,0.02
2026-10-03 09:35:00+00:00,66.2,,,KRIC,0.02
2026-10-03 09:40:00+00:00,66.2,11.5,,KRIC,0.02
2026-10-03 09:45:00+00:00,66.2,9.2,,KRIC,0.02
2026-10-03 09:50:00+00:00,66.2,10.4,,KRIC,0.02
2026-10-03 09:54:00+00:00,66.9,10.3,,KRIC,0.02
2026-10-03 09:55:00+00:00,66.2,10.4,,KRIC,0.02
2026-10-03 10:00:00+00:00,66.2,11.5,,KRIC,0.02
2026-10-03 10:05:00+00:00,66.2,,,KRIC,0.02
2026-10-03 10:10:00+00:00,66.2,10.4,,KRIC,0.02
2026-10-03 10:15:00+00:00,66.2,8.1,,KRIC,0.02
2026-10-03 10:20:00+00:00,66.2,8.1,,KRIC,0.02
2026-10-03 10:25:00+00:00,66.2,9.2,,KRIC,0.02
2026-10-03 10:30:00+00:00,66.2,6.9,,KRIC,0.02
2026-10-03 10:35:00+00:00,66.2,9.2,,KRIC,0.02
2026-10-03 10:40:00+00:00,66.2,8.1,,KRIC,0.02
2026-10-03 10:45:00+00:00,66.2,10.4,,KRIC,0.02
2026-10-03 10:50:00+00:00,66.2,9.2,,KRIC,0.02
2026-10-03 10:54:00+00:00,66.9,9.2,,KRIC,0.02
2026-10-03 10:55:00+00:00,66.2,8.1,,KRIC,0.02
2026-10-03 11:00:00+00:00,66.2,8.1,,KRIC,0.02
2026-10-03 11:05:00+00:00,66.2,8.1,,KRIC,0.02
2026-10-03 11:10:00+00:00,66.2,11.5,,KRIC,0.02
2026-10-03 11:15:00+00:00,66.2,9.2,,KRIC,0.02
2026-10-03 11:20:00+00:00,66.2,10.4,,KRIC,0.02
2026-10-03 11:25:00+00:00,66.2,10.4,,KRIC,0.02
2026-10-03 11:30:00+00:00,66.2,10.4,,KRIC,0.02
2026-10-03 11:35:00+00:00,66.2,11.5,,KRIC,0.02
2026-10-03 11:40:00+00:00,66.2,9.2,,KRIC,0.02
2026-10-03 11:45:00+00:00,66.2,10.4,,KRIC,0.02
2026-10-03 11:50:00+00:00,66.2,9.2,,KRIC,0.02
2026-10-03 11:54:00+00:00,66.9,9.2,,KRIC,0.02
2026-10-03 11:55:00+00:00,66.2,12.7,,KRIC,0.02
2026-10-03 12:00:00+00:00,66.2,12.7,,KRIC,0.02
2026-10-03 12:05:00+00:00,66.2,9.2,,KRIC,0.02
2026-10-03 12:10:00+00:00,66.2,6.9,,KRIC,0.02
2026-10-03 12:15:00+00:00,66.2,8.1,,KRIC,0.02
2026-10-03 12:20:00+00:00,66.2,8.1,,KRIC,0.02
2026-10-03 12:25:00+00:00,66.2,8.1,,KRIC,0.02
2026-10-03 12:30:00+00:00,66.2,11.5,,KRIC,0.02
2026-10-03 12:35:00+00:00,66.2,12.7,,KRIC,0.02
2026-10-03 12:40:00+00:00,66.2,9.2,,KRIC,0.02
2026-10-03 12:45:00+00:00,68.0,9.2,,KRIC,0.02
2026-10-03 12:50:00+00:00,68.0,9.2,,KRIC,0.02
2026-10-03 12:54:00+00:00,68.0,10.3,,KRIC,0.02
2026-10-03 12:55:00+00:00,68.0,11.5,,KRIC,0.02
2026-10-03 13:00:00+00:00,68.0,10.4,,KRIC,0.02
2026-10-03 13:05:00+00:00,66.2,12.7,,KRIC,0.02
2026-10-03 13:10:00+00:00,66.2,11.5,,KRIC,0.02
2026-10-03 13:15:00+00:00,66.2,12.7,,KRIC,0.02
2026-10-03 13:19:00+00:00,66.9,,,KRIC,0.02
2026-10-03 13:20:00+00:00,66.2,,,KRIC,0.02
2026-10-03 13:25:00+00:00,66.2,,,KRIC,0.02
2026-10-03 13:30:00+00:00,66.2,15.0,,KRIC,0.02
2026-10-03 13:35:00+00:00,66.2,13.8,,KRIC,0.02
2026-10-03 13:40:00+00:00,66.2,,,KRIC,0.02
2026-10-03 13:45:00+00:00,66.2,,,KRIC,0.02
2026-10-03 13:50:00+00:00,66.2,11.5,,KRIC,0.02
2026-10-03 13:54:00+00:00,66.0,12.8,,KRIC,0.02
2026-10-03 13:55:00+00:00,66.2,12.7,,KRIC,0.02
2026-10-03 14:00:00+00:00,64.4,13.8,,KRIC,0.02
2026-10-03 14:05:00+00:00,64.4,,,KRIC,0.02
2026-10-03 14:10:00+00:00,64.4,,,KRIC,0.02
2026-10-03 14:15:00+00:00,64.4,12.7,,KRIC,0.02
2026-10-03 14:20:00+00:00,64.4,11.5,,KRIC,0.02
2026-10-03 14:25:00+00:00,64.4,11.5,,KRIC,0.02
2026-10-03 14:30:00+00:00,64.4,12.7,,KRIC,0.02
2026-10-03 14:35:00+00:00,64.4,11.5,,KRIC,0.02
2026-10-03 14:40:00+00:00,64.4,11.5,,KRIC,0.02
2026-10-03 14:45:00+00:00,62.6,13.8,,KRIC,0.02
2026-10-03 14:50:00+00:00,62.6,12.7,,KRIC,0.02
2026-10-03 14:54:00+00:00,63.0,11.4,,KRIC,0.02
2026-10-03 14:55:00+00:00,62.6,11.5,,KRIC,0.02
2026-10-03 15:00:00+00:00,62.6,10.4,,KRIC,0.02
2026-10-03 15:05:00+00:00,62.6,10.4,,KRIC,0.02
2026-10-03 15:10:00+00:00,62.6,15.0,,KRIC,0.02
2026-10-03 15:15:00+00:00,62.6,15.0,,KRIC,0.02
2026-10-03 15:20:00+00:00,62.6,11.5,,KRIC,0.02
2026-10-03 15:25:00+00:00,62.6,12.7,,KRIC,0.02
2026-10-03 15:30:00+00:00,62.6,13.8,,KRIC,0.02
2026-10-03 15:35:00+00:00,62.6,13.8,,KRIC,0.02
2026-10-03 15:40:00+00:00,60.8,17.3,,KRIC,0.02
2026-10-03 15:45:00+00:00,60.8,12.7,,KRIC,0.02
2026-10-03 15:50:00+00:00,60.8,13.8,,KRIC,0.02
2026-10-03 15:54:00+00:00,61.0,11.4,,KRIC,0.02
2026-10-03 15:55:00+00:00,60.8,12.7,,KRIC,0.02
2026-10-03 16:00:00+00:00,60.8,11.5,,KRIC,0.02
2026-10-03 16:05:00+00:00,60.8,16.1,,KRIC,0.02
2026-10-03 16:10:00+00:00,60.8,11.5,,KRIC,0.02
2026-10-03 16:15:00+00:00,60.8,11.5,,KRIC,0.02
2026-10-03 16:20:00+00:00,60.8,12.7,,KRIC,0.02
2026-10-03 16:25:00+00:00,60.8,13.8,,KRIC,0.02
2026-10-03 16:30:00+00:00,60.8,13.8,,KRIC,0.02
2026-10-03 16:35:00+00:00,60.8,10.4,,KRIC,0.02
2026-10-03 16:40:00+00:00,60.8,10.4,,KRIC,0.02
2026-10-03 16:45:00+00:00,60.8,10.4,,KRIC,0.02
2026-10-03 16:50:00+00:00,60.8,10.4,,KRIC,0.02
2026-10-03 16:54:00+00:00,61.0,10.3,0.0,KRIC,0.02
2026-10-03 16:55:00+00:00,60.8,10.4,,KRIC,0.02
2026-10-03 17:00:00+00:00,60.8,11.5,,KRIC,0.02
2026-10-03 17:05:00+00:00,60.8,12.7,,KRIC,0.02
2026-10-03 17:10:00+00:00,60.8,10.4,,KRIC,0.02
2026-10-03 17:15:00+00:00,60.8,11.5,,KRIC,0.02
2026-10-03 17:20:00+00:00,59.0,10.3,0.01,KRIC,0.03
2026-10-03 17:25:00+00:00,59.0,9.2,,KRIC,0.03
2026-10-03 17:30:00+00:00,59.0,8.1,,KRIC,0.03
2026-10-03 17:35:00+00:00,59.0,8.1,,KRIC,0.03
2026-10-03 17:40:00+00:00,59.0,8.1,,KRIC,0.03
2026-10-03 17:45:00+00:00,59.0,9.2,,KRIC,0.03
2026-10-03 17:50:00+00:00,59.0,9.2,,KRIC,0.03
2026-10-03 17:54:00+00:00,59.0,10.3,0.01,KRIC,0.04
2026-10-03 17:55:00+00:00,59.0,10.4,,KRIC,0.04
2026-10-03 18:00:00+00:00,59.0,10.4,,KRIC,0.04
2026-10-03 18:05:00+00:00,59.0,10.4,,KRIC,0.04
2026-10-03 18:10:00+00:00,59.0,9.2,,KRIC,0.04
2026-10-03 18:15:00+00:00,59.0,10.4,,KRIC,0.04
2026-10-03 18:20:00+00:00,59.0,8.1,,KRIC,0.04
2026-10-03 18:25:00+00:00,59.0,6.9,,KRIC,0.04
2026-10-03 18:30:00+00:00,59.0,6.9,,KRIC,0.04
2026-10-03 18:35:00+00:00,59.0,6.9,,KRIC,0.04
2026-10-03 18:40:00+00:00,59.0,6.9,,KRIC,0.04
2026-10-03 18:45:00+00:00,59.0,6.9,,KRIC,0.04
2026-10-03 18:50:00+00:00,59.0,8.1,,KRIC,0.04
2026-10-03 18:54:00+00:00,59.0,8.1,0.03,KRIC,0.07
2026-10-03 18:55:00+00:00,59.0,9.2,,KRIC,0.07
2026-10-03 19:00:00+00:00,59.0,11.5,,KRIC,0.07
2026-10-03 19:05:00+00:00,59.0,11.5,,KRIC,0.07
2026-10-03 19:10:00+00:00,59.0,9.2,,KRIC,0.07
2026-10-03 19:15:00+00:00,60.8,10.4,,KRIC,0.07
2026-10-03 19:20:00+00:00,59.0,6.9,,KRIC,0.07
2026-10-03 19:25:00+00:00,59.0,8.1,,KRIC,0.07
2026-10-03 19:30:00+00:00,59.0,11.5,,KRIC,0.07
2026-10-03 19:35:00+00:00,59.0,9.2,,KRIC,0.07
2026-10-03 19:40:00+00:00,59.0,10.4,,KRIC,0.07
2026-10-03 19:45:00+00:00,59.0,10.4,,KRIC,0.07
2026-10-03 19:50:00+00:00,59.0,6.9,,KRIC,0.07
2026-10-03 19:54:00+00:00,59.0,5.8,0.06,KRIC,0.13
2026-10-03 19:55:00+00:00,59.0,6.9,,KRIC,0.13
2026-10-03 20:00:00+00:00,59.0,6.9,,KRIC,0.13
2026-10-03 20:05:00+00:00,59.0,6.9,,KRIC,0.13
2026-10-03 20:10:00+00:00,59.0,4.6,,KRIC,0.13
2026-10-03 20:15:00+00:00,59.0,4.6,,KRIC,0.13
2026-10-03 20:20:00+00:00,59.0,5.7,,KRIC,0.13
2026-10-03 20:25:00+00:00,59.0,6.9,,KRIC,0.13
2026-10-03 20:30:00+00:00,59.0,8.1,,KRIC,0.13
2026-10-03 20:35:00+00:00,59.0,6.9,,KRIC,0.13
2026-10-03 20:40:00+00:00,59.0,6.9,,KRIC,0.13
2026-10-03 20:45:00+00:00,59.0,6.9,,KRIC,0.13
2026-10-03 20:50:00+00:00,59.0,6.9,,KRIC,0.13
2026-10-03 20:54:00+00:00,59.0,8.1,0.02,KRIC,0.15
2026-10-03 20:55:00+00:00,59.0,6.9,,KRIC,0.15
2026-10-03 21:00:00+00:00,59.0,8.1,,KRIC,0.15
2026-10-03 21:05:00+00:00,59.0,8.1,,KRIC,0.15
2026-10-03 21:10:00+00:00,59.0,8.1,,KRIC,0.15
2026-10-03 21:15:00+00:00,59.0,9.2,,KRIC,0.15
2026-10-03 21:20:00+00:00,59.0,11.5,,KRIC,0.15
2026-10-03 21:25:00+00:00,57.2,8.1,,KRIC,0.15
2026-10-03 21:30:00+00:00,57.2,8.1,,KRIC,0.15
2026-10-03 21:35:00+00:00,57.2,12.7,,KRIC,0.15
2026-10-03 21:40:00+00:00,57.2,10.4,,KRIC,0.15
2026-10-03 21:45:00+00:00,57.2,8.1,,KRIC,0.15
2026-10-03 21:50:00+00:00,57.2,8.1,,KRIC,0.15
2026-10-03 21:54:00+00:00,57.9,9.2,0.02,KRIC,0.17
2026-10-03 21:55:00+00:00,57.2,9.2,,KRIC,0.17
2026-10-03 22:00:00+00:00,57.2,9.2,,KRIC,0.17
2026-10-03 22:05:00+00:00,57.2,8.1,,KRIC,0.17
2026-10-03 22:10:00+00:00,57.2,6.9,,KRIC,0.17
2026-10-03 22:15:00+00:00,57.2,9.2,,KRIC,0.17
2026-10-03 22:20:00+00:00,57.2,8.1,,KRIC,0.17
2026-10-03 22:25:00+00:00,57.2,8.1,,KRIC,0.17
2026-10-03 22:30:00+00:00,57.2,6.9,,KRIC,0.17
2026-10-03 22:35:00+00:00,57.2,6.9,,KRIC,0.17
2026-10-03 22:40:00+00:00,57.2,8.1,,KRIC,0.17
2026-10-03 22:45:00+00:00,57.2,8.1,,KRIC,0.17
2026-10-03 22:50:00+00:00,57.2,9.2,,KRIC,0.17
2026-10-03 22:54:00+00:00,57.9,9.2,,KRIC,0.17
2026-10-03 22:55:00+00:00,57.2,9.2,,KRIC,0.17
2026-10-03 23:00:00+00:00,57.2,9.2,,KRIC,0.17
2026-10-03 23:05:00+00:00,57.2,6.9,,KRIC,0.17
2026-10-03 23:10:00+00:00,57.2,8.1,,KRIC,0.17
2026-10-03 23:15:00+00:00,57.2,8.1,,KRIC,0.17
2026-10-03 23:20:00+00:00,57.2,8.1,,KRIC,0.17
2026-10-03 23:25:00+00:00,57.2,8.1,,KRIC,0.17
2026-10-03 23:30:00+00:00,57.2,9.2,,KRIC,0.17
2026-10-03 23:35:00+00:00,57.2,9.2,,KRIC,0.17
2026-10-03 23:40:00+00:00,57.2,10.4,,KRIC,0.17
2026-10-03 23:45:00+00:00,57.2,8.1,,KRIC,0.17
2026-10-03 23:50:00+00:00,57.2,8.1,,KRIC,0.17
2026-10-03 23:54:00+00:00,57.9,5.8,0.0,KRIC,0.17
2026-10-03 23:55:00+00:00,57.2,6.9,,KRIC,0.17
2026-10-04 00:00:00+00:00,57.2,6.9,,KRIC,0.17
2026-10-04 00:05:00+00:00,57.2,6.9,,KRIC,0.17
2026-10-04 00:10:00+00:00,57.2,5.7,,KRIC,0.17
2026-10-04 00:15:00+00:00,57.2,6.9,,KRIC,0.17
2026-10-04 00:20:00+00:00,57.2,5.7,,KRIC,0.17
2026-10-04 00:25:00+00:00,57.2,8.1,,KRIC,0.17
2026-10-04 00:30:00+00:00,57.2,6.9,,KRIC,0.17
2026-10-04 00:35:00+00:00,57.2,8.1,,KRIC,0.17
2026-10-04 00:40:00+00:00,57.2,6.9,,KRIC,0.17
2026-10-04 00:45:00+00:00,57.2,6.9,,KRIC,0.17
2026-10-04 00:50:00+00:00,57.2,8.1,,KRIC,0.17
2026-10-04 00:54:00+00:00,57.9,5.8,0.01,KRIC,0.18
2026-10-04 00:55:00+00:00,57.2,5.7,,KRIC,0.18
2026-10-04 01:00:00+00:00,57.2,5.7,,KRIC,0.18
2026-10-04 01:05:00+00:00,57.2,6.9,,KRIC,0.18
2026-10-04 01:07:00+00:00,57.9,6.9,0.01,KRIC,0.19
2026-10-04 01:10:00+00:00,57.2,6.9,,KRIC,0.19
2026-10-04 01:15:00+00:00,57.2,6.9,,KRIC,0.19
2026-10-04 01:20:00+00:00,57.2,5.7,,KRIC,0.19
2026-10-04 01:22:00+00:00,57.9,4.7,0.02,KRIC,0.21
2026-10-04 01:25:00+00:00,57.2,5.7,,KRIC,0.21
2026-10-04 01:30:00+00:00,57.2,5.7,,KRIC,0.21
2026-10-04 01:35:00+00:00,57.2,5.7,,KRIC,0.21
2026-10-04 01:40:00+00:00,57.2,6.9,,KRIC,0.21
2026-10-04 01:45:00+00:00,57.2,6.9,,KRIC,0.21
2026-10-04 01:50:00+00:00,57.2,6.9,,KRIC,0.21
2026-10-04 01:54:00+00:00,57.9,5.8,0.05,KRIC,0.26
2026-10-04 01:55:00+00:00,57.2,5.7,,KRIC,0.26
2026-10-04 02:00:00+00:00,57.2,6.9,,KRIC,0.26
2026-10-04 02:05:00+00:00,57.2,5.7,,KRIC,0.26
2026-10-04 02:10:00+00:00,57.2,6.9,,KRIC,0.26
2026-10-04 02:15:00+00:00,57.2,8.1,,KRIC,0.26
2026-10-04 02:20:00+00:00,57.2,8.1,,KRIC,0.26
2026-10-04 02:25:00+00:00,57.2,6.9,,KRIC,0.26
2026-10-04 02:30:00+00:00,57.2,6.9,,KRIC,0.26
2026-10-04 02:35:00+00:00,57.2,8.1,,KRIC,0.26
2026-10-04 02:40:00+00:00,57.2,6.9,,KRIC,0.26
2026-10-04 02:45:00+00:00,57.2,5.7,,KRIC,0.26
2026-10-04 02:50:00+00:00,57.2,6.9,,KRIC,0.26
2026-10-04 02:54:00+00:00,57.9,8.1,0.05,KRIC,0.31
2026-10-04 02:55:00+00:00,57.2,8.1,,KRIC,0.31
2026-10-04 03:00:00+00:00,57.2,6.9,,KRIC,0.31
2026-10-04 03:05:00+00:00,57.2,6.9,,KRIC,0.31
2026-10-04 03:10:00+00:00,57.2,6.9,,KRIC,0.31
2026-10-04 03:13:00+00:00,57.9,6.9,0.0,KRIC,0.31
2026-10-04 03:15:00+00:00,57.2,5.7,,KRIC,0.31
2026-10-04 03:20:00+00:00,57.2,6.9,,KRIC,0.31
2026-10-04 03:25:00+00:00,57.2,6.9,,KRIC,0.31
2026-10-04 03:30:00+00:00,57.2,6.9,,KRIC,0.31
2026-10-04 03:35:00+00:00,57.2,5.7,,KRIC,0.31
2026-10-04 03:40:00+00:00,57.2,8.1,,KRIC,0.31
2026-10-04 03:45:00+00:00,59.0,8.1,,KRIC,0.31
2026-10-04 03:50:00+00:00,57.2,9.2,,KRIC,0.31
2026-10-04 03:54:00+00:00,57.9,8.1,0.01,KRIC,0.3
2026-10-04 03:55:00+00:00,57.2,8.1,,KRIC,0.3
2026-10-04 04:00:00+00:00,59.0,6.9,,KRIC,0.3
2026-10-04 04:05:00+00:00,59.0,8.1,,KRIC,0.3
2026-10-04 04:10:00+00:00,59.0,8.1,,KRIC,0.3
2026-10-04 04:15:00+00:00,59.0,9.2,,KRIC,0.3
2026-10-04 04:20:00+00:00,59.0,8.1,,KRIC,0.3
2026-10-04 04:25:00+00:00,59.0,9.2,,KRIC,0.3
2026-10-04 04:30:00+00:00,59.0,6.9,,KRIC,0.3
2026-10-04 04:35:00+00:00,59.0,6.9,,KRIC,0.3
2026-10-04 04:40:00+00:00,59.0,6.9,,KRIC,0.3
2026-10-04 04:45:00+00:00,59.0,8.1,,KRIC,0.3
2026-10-04 04:50:00+00:00,59.0,8.1,,KRIC,0.3
2026-10-04 04:54:00+00:00,59.0,8.1,0.01,KRIC,0.31
2026-10-04 04:55:00+00:00,59.0,8.1,,KRIC,0.31
2026-10-04 05:00:00+00:00,59.0,8.1,,KRIC,0.31
2026-10-04 05:05:00+00:00,59.0,6.9,,KRIC,0.31
2026-10-04 05:10:00+00:00,59.0,8.1,,KRIC,0.31
2026-10-04 05:15:00+00:00,59.0,6.9,,KRIC,0.31
2026-10-04 05:20:00+00:00,59.0,6.9,,KRIC,0.31
2026-10-04 05:25:00+00:00,59.0,6.9,,KRIC,0.31
2026-10-04 05:30:00+00:00,59.0,5.7,,KRIC,0.31
2026-10-04 05:35:00+00:00,59.0,6.9,,KRIC,0.31
2026-10-04 05:40:00+00:00,59.0,6.9,,KRIC,0.31
2026-10-04 05:45:00+00:00,59.0,8.1,,KRIC,0.31
2026-10-04 05:50:00+00:00,59.0,5.7,,KRIC,0.31
2026-10-04 05:54:00+00:00,59.0,5.8,0.11,KRIC,0.42
2026-10-04 05:55:00+00:00,59.0,6.9,,KRIC,0.42
2026-10-04 06:00:00+00:00,59.0,6.9,,KRIC,0.42
2026-10-04 06:05:00+00:00,59.0,6.9,,KRIC,0.42
2026-10-04 06:10:00+00:00,59.0,6.9,,KRIC,0.42
2026-10-04 06:15:00+00:00,59.0,6.9,,KRIC,0.42
2026-10-04 06:20:00+00:00,59.0,8.1,,KRIC,0.42
2026-10-04 06:25:00+00:00,59.0,8.1,,KRIC,0.42
2026-10-04 06:30:00+00:00,59.0,8.1,,KRIC,0.42
2026-10-04 06:35:00+00:00,59.0,8.1,,KRIC,0.42
2026-10-04 06:40:00+00:00,59.0,8.1,,KRIC,0.42
2026-10-04 06:45:00+00:00,59.0,8.1,,KRIC,0.42
2026-10-04 06:50:00+00:00,59.0,6.9,,KRIC,0.42
2026-10-04 06:54:00+00:00,59.0,6.9,0.03,KRIC,0.45
2026-10-04 06:55:00+00:00,59.0,8.1,,KRIC,0.45
2026-10-04 07:00:00+00:00,59.0,5.7,,KRIC,0.45
2026-10-04 07:05:00+00:00,59.0,6.9,,KRIC,0.45
2026-10-04 07:10:00+00:00,59.0,6.9,,KRIC,0.45
2026-10-04 07:15:00+00:00,59.0,6.9,,KRIC,0.45
2026-10-04 07:20:00+00:00,59.0,8.1,,KRIC,0.45
2026-10-04 07:25:00+00:00,60.8,8.1,,KRIC,0.45
2026-10-04 07:30:00+00:00,60.8,9.2,,KRIC,0.45
2026-10-04 07:35:00+00:00,60.8,8.1,,KRIC,0.45
2026-10-04 07:40:00+00:00,60.8,8.1,,KRIC,0.45
2026-10-04 07:45:00+00:00,60.8,6.9,,KRIC,0.45
2026-10-04 07:50:00+00:00,60.8,8.1,,KRIC,0.45
2026-10-04 07:54:00+00:00,60.1,6.9,,KRIC,0.45
2026-10-04 07:55:00+00:00,60.8,6.9,,KRIC,0.45
2026-10-04 08:00:00+00:00,60.8,6.9,,KRIC,0.45
2026-10-04 08:05:00+00:00,60.8,8.1,,KRIC,0.45
2026-10-04 08:10:00+00:00,60.8,5.7,,KRIC,0.45
2026-10-04 08:15:00+00:00,60.8,9.2,,KRIC,0.45
2026-10-04 08:20:00+00:00,60.8,8.1,,KRIC,0.45
2026-10-04 08:25:00+00:00,60.8,8.1,,KRIC,0.45
2026-10-04 08:30:00+00:00,60.8,8.1,,KRIC,0.45
2026-10-04 08:35:00+00:00,60.8,8.1,,KRIC,0.45
2026-10-04 08:40:00+00:00,60.8,8.1,,KRIC,0.45
2026-10-04 08:45:00+00:00,60.8,6.9,,KRIC,0.45
2026-10-04 08:50:00+00:00,60.8,6.9,,KRIC,0.45
2026-10-04 08:54:00+00:00,60.1,6.9,,KRIC,0.45
2026-10-04 08:55:00+00:00,60.8,6.9,,KRIC,0.45
2026-10-04 09:00:00+00:00,60.8,6.9,,KRIC,0.45
2026-10-04 09:05:00+00:00,60.8,6.9,,KRIC,0.45
2026-10-04 09:10:00+00:00,60.8,6.9,,KRIC,0.45
2026-10-04 09:15:00+00:00,60.8,6.9,,KRIC,0.45
2026-10-04 09:20:00+00:00,60.8,6.9,,KRIC,0.45
2026-10-04 09:25:00+00:00,60.8,9.2,,KRIC,0.45
2026-10-04 09:30:00+00:00,60.8,6.9,,KRIC,0.45
2026-10-04 09:35:00+00:00,60.8,6.9,,KRIC,0.45
2026-10-04 09:40:00+00:00,60.8,6.9,,KRIC,0.45
2026-10-04 09:45:00+00:00,60.8,5.7,,KRIC,0.45
2026-10-04 09:50:00+00:00,60.8,4.6,,KRIC,0.45
2026-10-04 09:54:00+00:00,61.0,5.8,0.0,KRIC,0.45
2026-10-04 09:55:00+00:00,60.8,5.7,,KRIC,0.45
2026-10-04 10:00:00+00:00,60.8,5.7,,KRIC,0.45
2026-10-04 10:05:00+00:00,60.8,6.9,,KRIC,0.45
2026-10-04 10:10:00+00:00,60.8,6.9,,KRIC,0.45
2026-10-04 10:15:00+00:00,60.8,6.9,,KRIC,0.45
2026-10-04 10:20:00+00:00,60.8,5.7,,KRIC,0.45
2026-10-04 10:25:00+00:00,60.8,8.1,,KRIC,0.45
2026-10-04 10:30:00+00:00,60.8,5.7,,KRIC,0.45
2026-10-04 10:35:00+00:00,60.8,6.9,,KRIC,0.45
2026-10-04 10:40:00+00:00,60.8,5.7,,KRIC,0.45
2026-10-04 10:45:00+00:00,60.8,5.7,,KRIC,0.45
2026-10-04 10:50:00+00:00,60.8,3.4,,KRIC,0.45
2026-10-04 10:54:00+00:00,61.0,6.9,,KRIC,0.45
2026-10-04 10:55:00+00:00,60.8,5.7,,KRIC,0.45
2026-10-04 11:00:00+00:00,60.8,4.6,,KRIC,0.45
2026-10-04 11:05:00+00:00,60.8,6.9,,KRIC,0.45
2026-10-04 11:10:00+00:00,60.8,5.7,,KRIC,0.45
2026-10-04 11:15:00+00:00,60.8,5.7,,KRIC,0.45
2026-10-04 11:20:00+00:00,60.8,4.6,,KRIC,0.45
2026-10-04 11:25:00+00:00,60.8,5.7,,KRIC,0.45
2026-10-04 11:30:00+00:00,60.8,6.9,,KRIC,0.45
2026-10-04 11:35:00+00:00,60.8,6.9,,KRIC,0.45
2026-10-04 11:40:00+00:00,60.8,6.9,,KRIC,0.45
2026-10-04 11:45:00+00:00,61.0,6.9,,KRIC,0.45
2026-10-04 11:50:00+00:00,60.8,5.7,,KRIC,0.45
2026-10-04 11:54:00+00:00,61.0,4.7,,KRIC,0.45
2026-10-04 11:55:00+00:00,60.8,4.6,,KRIC,0.45
2026-10-04 12:00:00+00:00,60.8,4.6,,KRIC,0.45
2026-10-04 12:05:00+00:00,60.8,4.6,,KRIC,0.45
2026-10-04 12:10:00+00:00,60.8,3.4,,KRIC,0.45
2026-10-04 12:15:00+00:00,60.8,4.6,,KRIC,0.45
2026-10-04 12:20:00+00:00,62.6,5.7,,KRIC,0.45
2026-10-04 12:25:00+00:00,62.1,5.8,,KRIC,0.45
2026-10-04 12:30:00+00:00,62.6,4.6,,KRIC,0.45
2026-10-04 12:35:00+00:00,62.6,4.6,,KRIC,0.45
2026-10-04 12:40:00+00:00,62.6,4.6,,KRIC,0.45
2026-10-04 12:45:00+00:00,62.6,6.9,,KRIC,0.45
2026-10-04 12:50:00+00:00,62.6,5.7,,KRIC,0.45
2026-10-04 12:54:00+00:00,62.1,4.7,,KRIC,0.45
2026-10-04 12:55:00+00:00,62.6,4.6,,KRIC,0.45
2026-10-04 13:00:00+00:00,62.6,4.6,,KRIC,0.45
2026-10-04 13:04:00+00:00,62.1,5.8,,KRIC,0.45
2026-10-04 13:05:00+00:00,62.6,5.7,,KRIC,0.45
2026-10-04 13:10:00+00:00,62.6,5.7,,KRIC,0.45
2026-10-04 13:15:00+00:00,62.6,5.7,,KRIC,0.45
2026-10-04 13:20:00+00:00,62.6,5.7,,KRIC,0.45
2026-10-04 13:25:00+00:00,62.6,6.9,,KRIC,0.45
2026-10-04 13:30:00+00:00,62.6,6.9,,KRIC,0.45
2026-10-04 13:35:00+00:00,62.6,8.1,,KRIC,0.45
2026-10-04 13:40:00+00:00,62.1,5.8,0.0,KRIC,0.45
2026-10-04 13:45:00+00:00,62.6,3.4,,KRIC,0.45
2026-10-04 13:50:00+00:00,62.6,3.4,,KRIC,0.45
2026-10-04 13:54:00+00:00,62.1,4.7,0.0,KRIC,0.45
2026-10-04 13:55:00+00:00,62.6,4.6,,KRIC,0.45
2026-10-04 14:00:00+00:00,62.6,3.4,,KRIC,0.45
2026-10-04 14:05:00+00:00,62.6,5.7,,KRIC,0.45
2026-10-04 14:10:00+00:00,62.6,5.7,,KRIC,0.45
2026-10-04 14:15:00+00:00,62.6,5.7,,KRIC,0.45
2026-10-04 14:20:00+00:00,62.6,6.9,,KRIC,0.45
2026-10-04 14:25:00+00:00,62.6,8.1,,KRIC,0.45
2026-10-04 14:30:00+00:00,62.6,5.7,,KRIC,0.45
2026-10-04 14:33:00+00:00,63.0,5.8,0.12,KRIC,0.57
2026-10-04 14:35:00+00:00,62.6,5.7,,KRIC,0.57
2026-10-04 14:40:00+00:00,62.6,5.7,,KRIC,0.57
2026-10-04 14:45:00+00:00,62.6,6.9,,KRIC,0.57
2026-10-04 14:46:00+00:00,63.0,6.9,0.15,KRIC,0.72
2026-10-04 14:50:00+00:00,62.6,8.1,,KRIC,0.72
2026-10-04 14:54:00+00:00,63.0,0.0,0.17,KRIC,0.89
2026-10-04 14:55:00+00:00,62.6,0.0,,KRIC,0.89
2026-10-04 15:00:00+00:00,62.6,5.7,,KRIC,0.89
2026-10-04 15:05:00+00:00,62.6,5.7,,KRIC,0.89
2026-10-04 15:10:00+00:00,62.6,5.7,,KRIC,0.89
2026-10-04 15:15:00+00:00,62.6,5.7,,KRIC,0.89
2026-10-04 15:20:00+00:00,64.4,4.6,,KRIC,0.89
2026-10-04 15:25:00+00:00,64.4,4.6,,KRIC,0.89
2026-10-04 15:29:00+00:00,64.0,6.9,0.05,KRIC,0.94
2026-10-04 15:30:00+00:00,64.4,6.9,,KRIC,0.94
2026-10-04 15:35:00+00:00,62.6,4.6,,KRIC,0.94
2026-10-04 15:40:00+00:00,64.4,6.9,,KRIC,0.94
