site_id,site_name,river_section,latitude,longitude,aliases,coords_verified
PONY,Pony Pasture,Upper Richmond / Pony Pasture,37.552224,-77.517472,pony pasture|pony pasture rapids|the pasture|pony pastures|ponypasture,yes
HUG,Huguenot Flatwater,Upper Richmond / Huguenot Flatwater,37.561655,-77.542582,huguenot flatwater|huguenot flat water|huguenot flats|flatwater|huguenot bridge,yes
BOSH,Bosher Dam,Upper Richmond / Dam Zone,37.559948,-77.575019,bosher dam|boshers dam|bosher's dam|bosher,yes
42ND,42nd Street,Richmond Whitewater,37.528301,-77.475311,42nd street|42nd st|42nd street entrance|forty second street|42nd,yes
REEDY,Reedy Creek,Richmond Whitewater,37.52716,-77.469861,reedy creek|reedy creek entrance|reedy ck|reedys creek,yes
BELLE,Belle Isle,Downtown Richmond,37.530741,-77.455404,belle isle|bell isle|belle island|belle isle rocks|hollywood rapids|hollywood,yes
TRED,Tredegar / Canal Walk,Downtown Richmond,37.533637,-77.445376,tredegar|canal walk|tredegar beach|civil war center,yes
BROWN,Brown's Island,Downtown Richmond,37.532563,-77.441084,browns island|brown's island|brown island,yes
MAYO,Mayo Bridge,Downtown Richmond,37.528074,-77.43403,mayo bridge|14th street bridge|mayo island|mayos bridge,yes
ZDAM,Z-Dam Area,Upper Richmond / Dam Zone,37.558554,-77.526598,z-dam|z dam|zdam|the z dam,yes
PIPE,Pipeline Rapids,Downtown / Pipeline Rapids,37.531882,-77.434462,pipeline rapids|pipeline walkway|the pipeline|pipeline,yes
ANC,Ancarrow's Landing,Lower James / Ancarrow,37.520293,-77.417614,ancarrows landing|ancarrow's landing|ancarrow|ancarrows|boat ramp at ancarrow,yes
