seq,latitude,longitude
0,37.559948,-77.575019
1,37.55714,-77.56399
2,37.55665,-77.56133
3,37.55667,-77.5603
4,37.55668,-77.55959
5,37.55704,-77.55807
6,37.55871,-77.55467
7,37.56121,-77.54828
8,37.56167,-77.54612
9,37.56167,-77.54301
10,37.561,-77.53825
11,37.56081,-77.53696
12,37.56063,-77.53078
13,37.56016,-77.52901
14,37.55898,-77.52701
15,37.55867,-77.52649
16,37.55751,-77.52564
17,37.55722,-77.52543
18,37.55517,-77.52432
19,37.55405,-77.52311
20,37.55265,-77.52195
21,37.55179,-77.51838
22,37.5518,-77.51681
23,37.55046,-77.51247
24,37.54893,-77.50895
25,37.54559,-77.50441
26,37.54222,-77.50098
27,37.54168,-77.50041
28,37.54103,-77.49976
29,37.54083,-77.49956
30,37.54009,-77.49847
31,37.53952,-77.49761
32,37.5386,-77.49537
33,37.53665,-77.49241
34,37.53643,-77.49235
35,37.53505,-77.49178
36,37.53446,-77.49004
37,37.53346,-77.48771
38,37.53228,-77.48503
39,37.53129,-77.48282
40,37.52846,-77.47709
41,37.52824,-77.47437
42,37.52781,-77.4698
43,37.5274,-77.46591
44,37.52773,-77.46497
45,37.52903,-77.46035
46,37.52909,-77.45994
47,37.52959,-77.45739
48,37.52995,-77.45535
49,37.53021,-77.4544
50,37.53166,-77.45287
51,37.53196,-77.45216
52,37.5322,-77.45164
53,37.53272,-77.45114
54,37.53217,-77.44689
55,37.53176,-77.44543
56,37.53172,-77.44529
57,37.53149,-77.44446
58,37.53019,-77.44264
59,37.53008,-77.44197
60,37.53007,-77.44196
61,37.53007,-77.44191
62,37.5287,-77.44036
63,37.52812,-77.43945
64,37.52788,-77.43778
65,37.52777,-77.4365
66,37.52771,-77.43536
67,37.52767,-77.43298
68,37.52762,-77.42986
69,37.52694,-77.42777
70,37.52639,-77.4261
71,37.52471,-77.42285
72,37.5235,-77.42061
73,37.52278,-77.41952
74,37.52249,-77.41909
75,37.52181,-77.41857
76,37.52161,-77.41842
77,37.52045,-77.41789
78,37.51932,-77.41751
79,37.51801,-77.41732
80,37.51567,-77.4173
81,37.51095,-77.41734
82,37.50675,-77.41789
83,37.50469,-77.41866
84,37.50382,-77.41922
85,37.50276,-77.4199
86,37.50011,-77.42179
